Time,GazeOrigin,GazeForward,FocusDistance,FocusStability
24.65808,(0.00, 0.00, 0.00),(0.19, 0.17, 0.97),2,0
24.69178,(0.00, 0.00, 0.00),(0.13, 0.17, 0.98),2,0
24.7251,(0.00, 0.00, 0.00),(0.13, 0.17, 0.98),2,0.09946777
24.75836,(0.00, 0.00, 0.00),(0.13, 0.17, 0.98),2,0.957652
24.7924,(0.00, 0.00, 0.00),(0.13, 0.17, 0.98),2,1
24.82417,(0.00, 0.00, 0.00),(0.13, 0.17, 0.98),2,0.456677
24.85779,(0.00, 0.00, 0.00),(0.13, 0.17, 0.98),2,0.09032584
24.8918,(0.00, 0.00, 0.00),(0.13, 0.17, 0.98),2,0.1801649
24.92319,(0.00, 0.00, 0.00),(0.13, 0.16, 0.98),2,0.3671335
24.95782,(0.00, 0.00, 0.00),(0.08, 0.11, 0.99),2,0
24.99093,(0.00, 0.00, 0.00),(0.03, 0.07, 1.00),2,0
25.02411,(0.00, 0.00, 0.00),(0.02, 0.05, 1.00),2,0
25.05804,(0.00, 0.00, 0.00),(0.02, 0.05, 1.00),2,0.62424
25.09157,(0.00, 0.00, 0.00),(0.02, 0.04, 1.00),2,0.953904
25.1249,(0.00, 0.00, 0.00),(0.01, 0.04, 1.00),2,0.9809002
25.15616,(0.00, 0.00, 0.00),(0.01, 0.03, 1.00),2,0.6487036
25.1926,(0.00, 0.00, 0.00),(0.00, 0.02, 1.00),2,0.5948655
25.22547,(0.00, 0.00, 0.00),(-0.01, 0.01, 1.00),2,0.5881444
25.25877,(0.00, 0.00, 0.00),(-0.01, 0.01, 1.00),2,0.9887961
25.2916,(0.00, 0.00, 0.00),(-0.01, 0.01, 1.00),2,1
25.32637,(0.00, 0.00, 0.00),(-0.01, 0.00, 1.00),2,1
25.35898,(0.00, 0.00, 0.00),(-0.01, 0.00, 1.00),2,1
25.39165,(0.00, 0.00, 0.00),(-0.01, 0.00, 1.00),2,1
25.42366,(0.00, 0.00, 0.00),(-0.01, 0.00, 1.00),2,1
25.45787,(0.00, 0.00, 0.00),(-0.01, 0.00, 1.00),2,1
25.48941,(0.00, 0.00, 0.00),(-0.01, 0.00, 1.00),2,1
25.52471,(0.00, 0.00, 0.00),(-0.01, 0.00, 1.00),2,1
25.55853,(0.00, 0.00, 0.00),(-0.01, 0.00, 1.00),2,1
25.59061,(0.00, 0.00, 0.00),(-0.01, 0.00, 1.00),2,1
25.62481,(0.00, 0.00, 0.00),(-0.01, 0.00, 1.00),2,0.9919588
25.65772,(0.00, 0.00, 0.00),(-0.01, 0.00, 1.00),2,1
25.69123,(0.00, 0.00, 0.00),(-0.02, -0.01, 1.00),2,1
25.7256,(0.00, 0.00, 0.00),(-0.02, -0.01, 1.00),2,1
25.75769,(0.00, 0.00, 0.00),(-0.02, -0.01, 1.00),2,1
25.79264,(0.00, 0.00, 0.00),(-0.02, -0.01, 1.00),2,1
25.82453,(0.00, 0.00, 0.00),(-0.02, -0.01, 1.00),2,1
25.85812,(0.00, 0.00, 0.00),(-0.02, -0.01, 1.00),2,1
25.8911,(0.00, 0.00, 0.00),(-0.02, -0.01, 1.00),2,1
25.92463,(0.00, 0.00, 0.00),(-0.02, -0.01, 1.00),2,1
25.95607,(0.00, 0.00, 0.00),(-0.02, -0.01, 1.00),2,1
25.99107,(0.00, 0.00, 0.00),(-0.02, -0.01, 1.00),2,1
26.02404,(0.00, 0.00, 0.00),(-0.02, -0.01, 1.00),2,1
26.05871,(0.00, 0.00, 0.00),(-0.02, -0.01, 1.00),2,1
26.08936,(0.00, 0.00, 0.00),(-0.03, 0.00, 1.00),2,0.7819387
26.12239,(0.00, 0.00, 0.00),(-0.03, 0.01, 1.00),2,0.6525823
26.15393,(0.00, 0.00, 0.00),(-0.04, 0.02, 1.00),2,0.714076
26.19156,(0.00, 0.00, 0.00),(-0.04, 0.02, 1.00),2,0.5532116
26.22422,(0.00, 0.00, 0.00),(-0.04, 0.02, 1.00),2,0.5348562
26.25807,(0.00, 0.00, 0.00),(-0.04, 0.02, 1.00),2,0.235108
26.29083,(0.00, 0.00, 0.00),(-0.01, -0.17, 0.99),2,0
26.42391,(0.00, 0.00, 0.00),(0.05, -0.21, 0.98),0.07488597,0
26.45966,(0.00, 0.00, 0.00),(0.02, 0.01, 1.00),0.8695253,0
26.49001,(0.00, 0.00, 0.00),(-0.02, 0.07, 1.00),2,0
26.52331,(0.00, 0.00, 0.00),(-0.04, 0.07, 1.00),2,0
26.55816,(0.00, 0.00, 0.00),(-0.05, 0.06, 1.00),2,0.4728067
26.59208,(0.00, 0.00, 0.00),(-0.05, 0.06, 1.00),2,0.6499331
26.62498,(0.00, 0.00, 0.00),(-0.05, 0.06, 1.00),2,0.7974078
26.65861,(0.00, 0.00, 0.00),(-0.05, 0.06, 1.00),2,0.9995078
26.6901,(0.00, 0.00, 0.00),(-0.05, 0.06, 1.00),2,1
26.72364,(0.00, 0.00, 0.00),(-0.05, 0.06, 1.00),2,0.9416696
26.75743,(0.00, 0.00, 0.00),(-0.05, 0.06, 1.00),2,0.7433147
26.78965,(0.00, 0.00, 0.00),(-0.05, 0.06, 1.00),2,0.7502412
26.82534,(0.00, 0.00, 0.00),(-0.04, 0.06, 1.00),2,0.9070522
26.85666,(0.00, 0.00, 0.00),(-0.04, 0.06, 1.00),2,1
26.89126,(0.00, 0.00, 0.00),(-0.04, 0.06, 1.00),2,1
26.92318,(0.00, 0.00, 0.00),(-0.04, 0.06, 1.00),2,0.8032171
26.95811,(0.00, 0.00, 0.00),(-0.04, 0.05, 1.00),2,0.5362141
26.98933,(0.00, 0.00, 0.00),(-0.04, 0.05, 1.00),2,0.2306345
27.08941,(0.00, 0.00, 0.00),(-0.04, -0.02, 1.00),2,0
27.12501,(0.00, 0.00, 0.00),(-0.03, 0.00, 1.00),2,0
27.1566,(0.00, 0.00, 0.00),(-0.02, 0.01, 1.00),2,0
27.19062,(0.00, 0.00, 0.00),(-0.02, 0.01, 1.00),2,0
27.22432,(0.00, 0.00, 0.00),(-0.02, 0.01, 1.00),2,0.5866604
27.25901,(0.00, 0.00, 0.00),(-0.02, 0.01, 1.00),2,0.7531522
27.28965,(0.00, 0.00, 0.00),(-0.03, 0.01, 1.00),2,0.8003669
27.32324,(0.00, 0.00, 0.00),(-0.03, 0.01, 1.00),2,0.9544265
27.35855,(0.00, 0.00, 0.00),(-0.03, 0.01, 1.00),2,0.7912437
27.39131,(0.00, 0.00, 0.00),(-0.04, 0.01, 1.00),2,0.4627967
27.42388,(0.00, 0.00, 0.00),(-0.05, 0.00, 1.00),2,0
27.45842,(0.00, 0.00, 0.00),(-0.06, 0.00, 1.00),2,0
27.49022,(0.00, 0.00, 0.00),(-0.06, 0.00, 1.00),2,0.002547168
27.52551,(0.00, 0.00, 0.00),(-0.06, 0.00, 1.00),2,0.3715879
27.55883,(0.00, 0.00, 0.00),(-0.06, 0.00, 1.00),2,0.5174667
27.59216,(0.00, 0.00, 0.00),(-0.05, 0.00, 1.00),2,0
27.62507,(0.00, 0.00, 0.00),(0.00, 0.00, 1.00),2,0
27.6557,(0.00, 0.00, 0.00),(0.02, 0.00, 1.00),2,0
27.68835,(0.00, 0.00, 0.00),(0.02, 0.00, 1.00),2,0.8465199
27.72184,(0.00, 0.00, 0.00),(0.03, 0.00, 1.00),2,0.9176702
27.75433,(0.00, 0.00, 0.00),(0.03, 0.00, 1.00),2,0.6306713
27.78746,(0.00, 0.00, 0.00),(0.03, 0.01, 1.00),2,0.6117777
27.82041,(0.00, 0.00, 0.00),(0.03, 0.01, 1.00),2,0.3253418
27.85241,(0.00, 0.00, 0.00),(0.02, 0.01, 1.00),2,0
27.88323,(0.00, 0.00, 0.00),(-0.02, -0.01, 1.00),1.037163,0
27.91286,(0.00, 0.00, 0.00),(-0.17, -0.04, 0.98),2,0
27.94382,(0.00, 0.00, 0.00),(-0.25, -0.06, 0.97),2,0
27.97263,(0.00, 0.00, 0.00),(-0.26, -0.07, 0.96),2,0
28.00068,(0.00, 0.00, 0.00),(-0.26, -0.07, 0.96),2,0
28.03483,(0.00, 0.00, 0.00),(-0.27, -0.07, 0.96),2,0.7075056
28.06871,(0.00, 0.00, 0.00),(-0.27, -0.07, 0.96),2,0.6720768
28.10005,(0.00, 0.00, 0.00),(-0.27, -0.07, 0.96),2,0.2858967
28.13426,(0.00, 0.00, 0.00),(-0.27, -0.06, 0.96),2,0.2759212
28.16682,(0.00, 0.00, 0.00),(-0.26, -0.06, 0.96),2,0.3857622
28.19951,(0.00, 0.00, 0.00),(-0.26, -0.06, 0.96),1.075226,0.4392883
28.23502,(0.00, 0.00, 0.00),(-0.26, -0.05, 0.97),0.9898278,0
28.2677,(0.00, 0.00, 0.00),(-0.24, -0.05, 0.97),1.060636,0
28.2995,(0.00, 0.00, 0.00),(-0.22, -0.04, 0.97),1.032672,0
28.33384,(0.00, 0.00, 0.00),(-0.19, -0.03, 0.98),1.087499,0
28.36585,(0.00, 0.00, 0.00),(-0.17, -0.02, 0.98),0.8588314,0
28.39588,(0.00, 0.00, 0.00),(-0.15, -0.01, 0.99),2,0
28.43192,(0.00, 0.00, 0.00),(-0.32, -0.07, 0.94),2,0
28.46553,(0.00, 0.00, 0.00),(-0.41, -0.21, 0.89),0.1980071,0
28.49796,(0.00, 0.00, 0.00),(-0.40, -0.16, 0.91),0.2628361,0
28.53095,(0.00, 0.00, 0.00),(-0.47, -0.06, 0.88),2,0
28.56445,(0.00, 0.00, 0.00),(-0.49, -0.05, 0.87),2,0
28.59745,(0.00, 0.00, 0.00),(-0.48, -0.05, 0.88),2,0
28.63118,(0.00, 0.00, 0.00),(-0.46, -0.04, 0.89),2,0
28.66293,(0.00, 0.00, 0.00),(-0.42, -0.03, 0.91),2,0
28.69897,(0.00, 0.00, 0.00),(-0.37, -0.03, 0.93),2,0
28.72917,(0.00, 0.00, 0.00),(-0.32, -0.02, 0.95),2,0
28.76354,(0.00, 0.00, 0.00),(-0.28, -0.01, 0.96),2,0
28.79686,(0.00, 0.00, 0.00),(-0.24, -0.01, 0.97),2,0
28.83104,(0.00, 0.00, 0.00),(-0.27, -0.05, 0.96),2,0
28.86507,(0.00, 0.00, 0.00),(-0.38, -0.14, 0.92),2,0
28.89678,(0.00, 0.00, 0.00),(-0.38, -0.15, 0.91),2,0
28.93034,(0.00, 0.00, 0.00),(-0.36, -0.15, 0.92),2,0
28.96628,(0.00, 0.00, 0.00),(-0.32, -0.14, 0.94),2,0
28.99525,(0.00, 0.00, 0.00),(-0.28, -0.14, 0.95),2,0
29.03133,(0.00, 0.00, 0.00),(-0.25, -0.13, 0.96),2,0
29.064,(0.00, 0.00, 0.00),(-0.23, -0.12, 0.96),2,0
29.09571,(0.00, 0.00, 0.00),(-0.23, -0.12, 0.97),1.092801,0
29.13133,(0.00, 0.00, 0.00),(-0.21, -0.12, 0.97),0.7983746,0
29.16405,(0.00, 0.00, 0.00),(-0.18, -0.19, 0.97),0.7421575,0
29.19757,(0.00, 0.00, 0.00),(-0.17, -0.21, 0.96),0.7706875,0
29.22137,(0.00, 0.00, 0.00),(-0.15, -0.21, 0.96),0.7552877,0
29.24236,(0.00, 0.00, 0.00),(-0.14, -0.21, 0.97),0.7831612,0.4127642
29.2656,(0.00, 0.00, 0.00),(-0.13, -0.21, 0.97),0.8193863,0.3482278
29.28716,(0.00, 0.00, 0.00),(-0.12, -0.21, 0.97),0.8735124,0.408289
29.30966,(0.00, 0.00, 0.00),(-0.11, -0.21, 0.97),0.8619757,0.4670511
29.33087,(0.00, 0.00, 0.00),(-0.10, -0.21, 0.97),0.9069763,0.5348914
29.35296,(0.00, 0.00, 0.00),(-0.09, -0.21, 0.97),2,0.06516207
29.41938,(0.00, 0.00, 0.00),(-0.03, -0.31, 0.95),2,0
29.44171,(0.00, 0.00, 0.00),(0.10, -0.13, 0.99),2,0
29.46473,(0.00, 0.00, 0.00),(0.14, 0.03, 0.99),0.2910682,0
29.48679,(0.00, 0.00, 0.00),(0.14, 0.05, 0.99),1.075628,0
29.51834,(0.00, 0.00, 0.00),(0.11, 0.06, 0.99),1.079498,0
29.54531,(0.00, 0.00, 0.00),(0.10, 0.06, 0.99),0.9001899,0
29.56782,(0.00, 0.00, 0.00),(0.07, 0.06, 1.00),0.9698057,0
29.58944,(0.00, 0.00, 0.00),(0.05, 0.06, 1.00),0.9305204,0
29.6118,(0.00, 0.00, 0.00),(0.07, 0.06, 1.00),1.018876,0
29.63437,(0.00, 0.00, 0.00),(0.12, 0.05, 0.99),1.036181,0
29.6552,(0.00, 0.00, 0.00),(0.23, 0.05, 0.97),2,0
29.6789,(0.00, 0.00, 0.00),(0.30, 0.05, 0.95),2,0
29.69839,(0.00, 0.00, 0.00),(0.36, 0.03, 0.93),2,0
29.72195,(0.00, 0.00, 0.00),(0.35, 0.02, 0.94),2,0
29.74513,(0.00, 0.00, 0.00),(0.33, 0.02, 0.95),2,0
29.76579,(0.00, 0.00, 0.00),(0.29, 0.02, 0.96),2,0
29.78872,(0.00, 0.00, 0.00),(0.23, 0.02, 0.97),2,0
29.81283,(0.00, 0.00, 0.00),(0.17, 0.02, 0.99),2,0
29.83549,(0.00, 0.00, 0.00),(0.10, 0.02, 0.99),2,0
29.85718,(0.00, 0.00, 0.00),(0.03, 0.03, 1.00),2,0
29.88075,(0.00, 0.00, 0.00),(-0.02, 0.03, 1.00),2,0
29.89925,(0.00, 0.00, 0.00),(0.01, 0.04, 1.00),2,0
29.9203,(0.00, 0.00, 0.00),(0.08, 0.05, 1.00),2,0
29.94475,(0.00, 0.00, 0.00),(0.20, 0.05, 0.98),2,0
29.96814,(0.00, 0.00, 0.00),(0.28, 0.06, 0.96),2,0
29.98994,(0.00, 0.00, 0.00),(0.30, 0.05, 0.95),2,0
30.01276,(0.00, 0.00, 0.00),(0.28, 0.05, 0.96),2,0
30.03447,(0.00, 0.00, 0.00),(0.25, 0.06, 0.97),2,0
30.05718,(0.00, 0.00, 0.00),(0.16, 0.06, 0.99),2,0
30.10071,(0.00, 0.00, 0.00),(0.06, 0.07, 1.00),2,0
30.12306,(0.00, 0.00, 0.00),(0.04, 0.07, 1.00),2,0
30.13627,(0.00, 0.00, 0.00),(0.07, 0.07, 1.00),2,0
30.15851,(0.00, 0.00, 0.00),(0.13, 0.07, 0.99),2,0
30.18311,(0.00, 0.00, 0.00),(0.29, 0.06, 0.96),2,0
30.20682,(0.00, 0.00, 0.00),(0.36, 0.04, 0.93),2,0
30.22814,(0.00, 0.00, 0.00),(0.34, 0.04, 0.94),2,0
30.25042,(0.00, 0.00, 0.00),(0.32, 0.04, 0.95),2,0
30.27103,(0.00, 0.00, 0.00),(0.29, 0.04, 0.96),2,0
30.29418,(0.00, 0.00, 0.00),(0.23, 0.04, 0.97),2,0
30.31501,(0.00, 0.00, 0.00),(0.18, 0.04, 0.98),2,0
30.33785,(0.00, 0.00, 0.00),(0.14, 0.04, 0.99),2,0
30.3675,(0.00, 0.00, 0.00),(0.09, 0.04, 0.99),2,0
30.38925,(0.00, 0.00, 0.00),(0.07, 0.05, 1.00),2,0
30.41213,(0.00, 0.00, 0.00),(0.03, 0.05, 1.00),2,0
30.43009,(0.00, 0.00, 0.00),(0.01, 0.05, 1.00),2,0
30.45185,(0.00, 0.00, 0.00),(-0.02, 0.05, 1.00),2,0
30.47447,(0.00, 0.00, 0.00),(-0.05, 0.06, 1.00),2,0
30.4981,(0.00, 0.00, 0.00),(-0.07, 0.06, 1.00),2,0
30.51926,(0.00, 0.00, 0.00),(-0.07, 0.06, 1.00),2,0
30.56412,(0.00, 0.00, 0.00),(0.19, -0.07, 0.98),2,0
30.58589,(0.00, 0.00, 0.00),(0.29, -0.06, 0.96),2,0
30.60817,(0.00, 0.00, 0.00),(0.35, -0.07, 0.93),0.1727042,0
30.63053,(0.00, 0.00, 0.00),(0.39, -0.09, 0.92),0.9068816,0
30.65303,(0.00, 0.00, 0.00),(0.40, -0.11, 0.91),2,0
30.67576,(0.00, 0.00, 0.00),(0.41, -0.12, 0.90),2,0
30.69911,(0.00, 0.00, 0.00),(0.40, -0.12, 0.91),2,0
30.71976,(0.00, 0.00, 0.00),(0.40, -0.11, 0.91),2,0
30.7401,(0.00, 0.00, 0.00),(0.40, -0.11, 0.91),2,0
30.76374,(0.00, 0.00, 0.00),(0.40, -0.12, 0.91),2,0
30.78657,(0.00, 0.00, 0.00),(0.39, -0.12, 0.91),2,0
30.80952,(0.00, 0.00, 0.00),(0.39, -0.12, 0.91),2,0
30.83301,(0.00, 0.00, 0.00),(0.37, -0.12, 0.92),2,0.1896099
30.85225,(0.00, 0.00, 0.00),(0.36, -0.12, 0.92),2,0.3107332
30.8727,(0.00, 0.00, 0.00),(0.35, -0.12, 0.93),2,0.4651518
30.89774,(0.00, 0.00, 0.00),(0.34, -0.12, 0.93),2,0.4126422
30.92017,(0.00, 0.00, 0.00),(0.33, -0.12, 0.94),2,0.2569446
30.94036,(0.00, 0.00, 0.00),(0.32, -0.12, 0.94),2,0.2348425
30.96462,(0.00, 0.00, 0.00),(0.30, -0.12, 0.95),2,0.1597564
30.98489,(0.00, 0.00, 0.00),(0.28, -0.12, 0.95),2,0
31.00729,(0.00, 0.00, 0.00),(0.26, -0.12, 0.96),2,0
31.02947,(0.00, 0.00, 0.00),(0.24, -0.12, 0.96),2,0
31.05213,(0.00, 0.00, 0.00),(0.22, -0.12, 0.97),2,0
31.07366,(0.00, 0.00, 0.00),(0.23, -0.12, 0.97),2,0
31.09746,(0.00, 0.00, 0.00),(0.25, -0.15, 0.96),2,0
31.1196,(0.00, 0.00, 0.00),(0.30, -0.19, 0.93),2,0
31.14055,(0.00, 0.00, 0.00),(0.33, -0.22, 0.92),2,0
31.16181,(0.00, 0.00, 0.00),(0.35, -0.26, 0.90),2,0
31.18484,(0.00, 0.00, 0.00),(0.35, -0.27, 0.90),2,0
31.20836,(0.00, 0.00, 0.00),(0.34, -0.27, 0.90),2,0
31.22941,(0.00, 0.00, 0.00),(0.33, -0.27, 0.91),2,0
31.25262,(0.00, 0.00, 0.00),(0.29, -0.27, 0.92),2,0
31.27453,(0.00, 0.00, 0.00),(0.26, -0.27, 0.93),2,0
31.29707,(0.00, 0.00, 0.00),(0.22, -0.27, 0.94),2,0
31.31839,(0.00, 0.00, 0.00),(0.19, -0.26, 0.95),2,0
31.34069,(0.00, 0.00, 0.00),(0.17, -0.25, 0.95),2,0
31.36305,(0.00, 0.00, 0.00),(0.12, -0.24, 0.96),2,0
31.3855,(0.00, 0.00, 0.00),(0.09, -0.23, 0.97),2,0
31.41126,(0.00, 0.00, 0.00),(0.10, -0.24, 0.96),2,0
31.43143,(0.00, 0.00, 0.00),(0.12, -0.31, 0.94),2,0
31.4527,(0.00, 0.00, 0.00),(0.14, -0.37, 0.92),2,0
31.47489,(0.00, 0.00, 0.00),(0.17, -0.39, 0.91),2,0
31.4974,(0.00, 0.00, 0.00),(0.17, -0.38, 0.91),2,0
31.51981,(0.00, 0.00, 0.00),(0.16, -0.38, 0.91),2,0
31.54206,(0.00, 0.00, 0.00),(0.15, -0.37, 0.92),2,0.115234
31.56155,(0.00, 0.00, 0.00),(0.12, -0.37, 0.92),2,0
31.58459,(0.00, 0.00, 0.00),(0.09, -0.37, 0.93),2,0
31.60675,(0.00, 0.00, 0.00),(0.07, -0.36, 0.93),2,0
31.62994,(0.00, 0.00, 0.00),(0.09, -0.34, 0.94),2,0
31.65287,(0.00, 0.00, 0.00),(0.16, -0.31, 0.94),2,0
31.67498,(0.00, 0.00, 0.00),(0.29, -0.29, 0.91),2,0
31.69762,(0.00, 0.00, 0.00),(0.37, -0.27, 0.89),2,0
31.71953,(0.00, 0.00, 0.00),(0.39, -0.27, 0.88),2,0
31.73964,(0.00, 0.00, 0.00),(0.39, -0.27, 0.88),2,0
31.76075,(0.00, 0.00, 0.00),(0.38, -0.28, 0.88),2,0
31.77144,(0.00, 0.00, 0.00),(0.37, -0.27, 0.89),2,0
31.79618,(0.00, 0.00, 0.00),(0.36, -0.27, 0.89),2,0.01137919
31.81789,(0.00, 0.00, 0.00),(0.34, -0.27, 0.90),2,0
31.84108,(0.00, 0.00, 0.00),(0.31, -0.27, 0.91),2,0
31.86424,(0.00, 0.00, 0.00),(0.28, -0.27, 0.92),2,0
31.88607,(0.00, 0.00, 0.00),(0.26, -0.27, 0.93),2,0
31.90898,(0.00, 0.00, 0.00),(0.24, -0.27, 0.93),2,0
31.93134,(0.00, 0.00, 0.00),(0.24, -0.27, 0.93),2,0
31.9528,(0.00, 0.00, 0.00),(0.25, -0.22, 0.94),2,0
31.97367,(0.00, 0.00, 0.00),(0.28, -0.18, 0.94),2,0
31.99524,(0.00, 0.00, 0.00),(0.39, -0.11, 0.92),2,0
32.01851,(0.00, 0.00, 0.00),(0.44, -0.07, 0.89),2,0
32.04277,(0.00, 0.00, 0.00),(0.49, -0.05, 0.87),2,0
32.06414,(0.00, 0.00, 0.00),(0.49, -0.05, 0.87),2,0
32.08722,(0.00, 0.00, 0.00),(0.48, -0.06, 0.87),2,0
32.10878,(0.00, 0.00, 0.00),(0.47, -0.06, 0.88),2,0
32.12972,(0.00, 0.00, 0.00),(0.47, -0.06, 0.88),2,0
32.15227,(0.00, 0.00, 0.00),(0.45, -0.06, 0.89),2,0
32.17568,(0.00, 0.00, 0.00),(0.43, -0.06, 0.90),2,0
32.19578,(0.00, 0.00, 0.00),(0.41, -0.07, 0.91),2,0
32.21849,(0.00, 0.00, 0.00),(0.38, -0.07, 0.92),2,0
32.24055,(0.00, 0.00, 0.00),(0.36, -0.07, 0.93),2,0.102447
32.2583,(0.00, 0.00, 0.00),(0.34, -0.07, 0.94),2,0.0637612
32.28004,(0.00, 0.00, 0.00),(0.33, -0.08, 0.94),2,0
32.30169,(0.00, 0.00, 0.00),(0.31, -0.09, 0.95),2,0
32.32512,(0.00, 0.00, 0.00),(0.29, -0.09, 0.95),2,0
32.34762,(0.00, 0.00, 0.00),(0.28, -0.09, 0.96),2,0
32.36986,(0.00, 0.00, 0.00),(0.29, -0.04, 0.96),2,0
32.39011,(0.00, 0.00, 0.00),(0.30, 0.04, 0.95),2,0
32.41785,(0.00, 0.00, 0.00),(0.31, 0.10, 0.95),2,0
32.4432,(0.00, 0.00, 0.00),(0.31, 0.11, 0.95),2,0
32.46527,(0.00, 0.00, 0.00),(0.30, 0.11, 0.95),2,0
32.48802,(0.00, 0.00, 0.00),(0.28, 0.11, 0.95),2,0
32.5103,(0.00, 0.00, 0.00),(0.27, 0.11, 0.96),2,0
32.59722,(0.00, 0.00, 0.00),(0.17, 0.02, 0.99),2,0
32.61908,(0.00, 0.00, 0.00),(0.30, 0.15, 0.94),2,0
32.64207,(0.00, 0.00, 0.00),(0.33, 0.20, 0.92),2,0
32.66452,(0.00, 0.00, 0.00),(0.32, 0.22, 0.92),2,0
32.68706,(0.00, 0.00, 0.00),(0.30, 0.22, 0.93),2,0
32.70953,(0.00, 0.00, 0.00),(0.29, 0.22, 0.93),2,0
32.7318,(0.00, 0.00, 0.00),(0.26, 0.22, 0.94),2,0
32.75378,(0.00, 0.00, 0.00),(0.21, 0.22, 0.95),2,0
32.77529,(0.00, 0.00, 0.00),(0.18, 0.22, 0.96),2,0
32.79729,(0.00, 0.00, 0.00),(0.15, 0.22, 0.96),2,0
32.81872,(0.00, 0.00, 0.00),(0.12, 0.22, 0.97),2,0
32.84321,(0.00, 0.00, 0.00),(0.10, 0.23, 0.97),2,0
32.86552,(0.00, 0.00, 0.00),(0.06, 0.23, 0.97),2,0
32.88801,(0.00, 0.00, 0.00),(0.04, 0.23, 0.97),2,0
32.90902,(0.00, 0.00, 0.00),(0.01, 0.23, 0.97),2,0
32.93089,(0.00, 0.00, 0.00),(-0.01, 0.23, 0.97),2,0
32.95273,(0.00, 0.00, 0.00),(-0.04, 0.23, 0.97),2,0
32.97554,(0.00, 0.00, 0.00),(-0.06, 0.23, 0.97),2,0
32.99796,(0.00, 0.00, 0.00),(-0.08, 0.22, 0.97),2,0
33.01777,(0.00, 0.00, 0.00),(-0.09, 0.21, 0.97),2,0
33.04272,(0.00, 0.00, 0.00),(-0.11, 0.21, 0.97),2,0
33.06643,(0.00, 0.00, 0.00),(-0.12, 0.21, 0.97),2,0.1770165
33.08823,(0.00, 0.00, 0.00),(-0.13, 0.21, 0.97),2,0.417157
33.10981,(0.00, 0.00, 0.00),(-0.13, 0.20, 0.97),2,0.6336764
33.13075,(0.00, 0.00, 0.00),(-0.13, 0.20, 0.97),2,0.7173581
33.15298,(0.00, 0.00, 0.00),(-0.13, 0.20, 0.97),2,0.7331775
33.17568,(0.00, 0.00, 0.00),(-0.13, 0.19, 0.97),2,0.6619291
33.19732,(0.00, 0.00, 0.00),(-0.13, 0.18, 0.97),2,0.5285271
33.21968,(0.00, 0.00, 0.00),(-0.13, 0.17, 0.98),2,0.3417765
33.2424,(0.00, 0.00, 0.00),(-0.12, 0.16, 0.98),2,0.07860396
33.26542,(0.00, 0.00, 0.00),(-0.11, 0.16, 0.98),2,0
33.28751,(0.00, 0.00, 0.00),(-0.10, 0.15, 0.98),2,0
33.31016,(0.00, 0.00, 0.00),(-0.09, 0.14, 0.99),2,0
33.3313,(0.00, 0.00, 0.00),(-0.07, 0.11, 0.99),2,0
33.35276,(0.00, 0.00, 0.00),(-0.04, 0.04, 1.00),2,0
33.37589,(0.00, 0.00, 0.00),(-0.03, -0.01, 1.00),2,0
33.3972,(0.00, 0.00, 0.00),(-0.02, -0.03, 1.00),2,0
33.41906,(0.00, 0.00, 0.00),(-0.02, -0.03, 1.00),2,0
33.44143,(0.00, 0.00, 0.00),(-0.01, -0.03, 1.00),2,0
33.46468,(0.00, 0.00, 0.00),(-0.01, -0.02, 1.00),2,0.315487
33.48702,(0.00, 0.00, 0.00),(0.00, -0.02, 1.00),2,0.4600429
33.50919,(0.00, 0.00, 0.00),(0.00, -0.02, 1.00),2,0.5108165
33.53333,(0.00, 0.00, 0.00),(0.00, -0.02, 1.00),2,0.6291127
33.55263,(0.00, 0.00, 0.00),(0.00, -0.02, 1.00),2,0.5362045
33.5761,(0.00, 0.00, 0.00),(0.00, -0.02, 1.00),2,0.5727845
33.59863,(0.00, 0.00, 0.00),(0.00, -0.02, 1.00),2,0.4075038
33.62155,(0.00, 0.00, 0.00),(0.00, -0.02, 1.00),2,0.3779564
33.64404,(0.00, 0.00, 0.00),(0.00, -0.01, 1.00),2,0
33.66478,(0.00, 0.00, 0.00),(-0.01, 0.00, 1.00),2,0
33.68771,(0.00, 0.00, 0.00),(-0.10, 0.00, 1.00),2,0
33.70921,(0.00, 0.00, 0.00),(-0.19, 0.00, 0.98),2,0
33.73183,(0.00, 0.00, 0.00),(-0.20, 0.00, 0.98),2,0
33.75317,(0.00, 0.00, 0.00),(-0.20, 0.00, 0.98),2,0
33.77485,(0.00, 0.00, 0.00),(-0.19, 0.00, 0.98),2,0
33.79745,(0.00, 0.00, 0.00),(-0.18, 0.00, 0.98),2,0.3072783
33.81938,(0.00, 0.00, 0.00),(-0.18, 0.00, 0.98),2,0.3563588
33.84291,(0.00, 0.00, 0.00),(-0.17, 0.00, 0.99),2,0.3862347
33.86526,(0.00, 0.00, 0.00),(-0.15, 0.00, 0.99),2,0.4076443
33.8874,(0.00, 0.00, 0.00),(-0.14, 0.00, 0.99),2,0.4144313
33.91074,(0.00, 0.00, 0.00),(-0.12, 0.00, 0.99),2,0.4326339
33.93255,(0.00, 0.00, 0.00),(-0.12, 0.00, 0.99),2,0.3033227
33.95461,(0.00, 0.00, 0.00),(-0.12, 0.00, 0.99),2,0.1233453
33.97441,(0.00, 0.00, 0.00),(-0.11, 0.00, 0.99),2,0.04449854
33.99858,(0.00, 0.00, 0.00),(-0.10, 0.00, 1.00),2,0.000857452
34.01955,(0.00, 0.00, 0.00),(-0.09, -0.01, 1.00),2,0.08512934
34.04208,(0.00, 0.00, 0.00),(-0.08, -0.01, 1.00),2,0.2527037
34.06507,(0.00, 0.00, 0.00),(-0.07, -0.01, 1.00),1.120848,0.3707852
34.0871,(0.00, 0.00, 0.00),(-0.05, -0.01, 1.00),2,0
34.10916,(0.00, 0.00, 0.00),(-0.01, 0.02, 1.00),2,0
34.13202,(0.00, 0.00, 0.00),(0.07, 0.11, 0.99),2,0
34.15339,(0.00, 0.00, 0.00),(0.10, 0.16, 0.98),2,0
34.17532,(0.00, 0.00, 0.00),(0.11, 0.16, 0.98),2,0
34.19917,(0.00, 0.00, 0.00),(0.12, 0.14, 0.98),2,0
34.22111,(0.00, 0.00, 0.00),(0.12, 0.13, 0.98),2,0.0217559
34.24297,(0.00, 0.00, 0.00),(0.13, 0.11, 0.99),2,0
34.26535,(0.00, 0.00, 0.00),(0.13, 0.07, 0.99),2,0
34.2873,(0.00, 0.00, 0.00),(0.14, 0.05, 0.99),2,0
34.30858,(0.00, 0.00, 0.00),(0.14, 0.04, 0.99),2,0
34.33342,(0.00, 0.00, 0.00),(0.14, 0.03, 0.99),2,0
34.35414,(0.00, 0.00, 0.00),(0.14, 0.03, 0.99),2,0
34.37686,(0.00, 0.00, 0.00),(0.14, 0.04, 0.99),2,0
34.39772,(0.00, 0.00, 0.00),(0.14, 0.04, 0.99),2,0
34.42132,(0.00, 0.00, 0.00),(0.15, 0.06, 0.99),2,0
34.44244,(0.00, 0.00, 0.00),(0.18, 0.06, 0.98),2,0
34.46623,(0.00, 0.00, 0.00),(0.19, 0.07, 0.98),2,0
34.48607,(0.00, 0.00, 0.00),(0.18, 0.07, 0.98),2,0
34.50985,(0.00, 0.00, 0.00),(0.18, 0.08, 0.98),2,0
34.53158,(0.00, 0.00, 0.00),(0.18, 0.08, 0.98),2,0
34.5537,(0.00, 0.00, 0.00),(0.17, 0.08, 0.98),2,0.1972396
34.57589,(0.00, 0.00, 0.00),(0.16, 0.08, 0.98),2,0.2018127
34.59922,(0.00, 0.00, 0.00),(0.15, 0.08, 0.98),2,0.3363489
34.62038,(0.00, 0.00, 0.00),(0.14, 0.08, 0.99),2,0.1577981
34.64282,(0.00, 0.00, 0.00),(0.14, 0.09, 0.99),2,0
34.7098,(0.00, 0.00, 0.00),(0.15, -0.03, 0.99),2,0
34.73206,(0.00, 0.00, 0.00),(0.15, -0.01, 0.99),0.09199356,0
34.75529,(0.00, 0.00, 0.00),(0.14, 0.00, 0.99),2,0
34.77809,(0.00, 0.00, 0.00),(0.13, -0.01, 0.99),2,0
34.80101,(0.00, 0.00, 0.00),(0.12, -0.01, 0.99),2,0
34.82065,(0.00, 0.00, 0.00),(0.11, -0.01, 0.99),2,0
34.842,(0.00, 0.00, 0.00),(0.11, -0.02, 0.99),2,0.7156742
34.86359,(0.00, 0.00, 0.00),(0.11, -0.02, 0.99),2,0.7455755
34.88832,(0.00, 0.00, 0.00),(0.11, -0.02, 0.99),2,0.7601257
34.91,(0.00, 0.00, 0.00),(0.10, -0.02, 0.99),2,0.6584386
34.93315,(0.00, 0.00, 0.00),(0.10, -0.02, 0.99),2,0.4201652
34.95444,(0.00, 0.00, 0.00),(0.10, -0.02, 1.00),2,0.416582
34.9776,(0.00, 0.00, 0.00),(0.10, -0.02, 1.00),2,0.2585508
34.99925,(0.00, 0.00, 0.00),(0.10, -0.02, 1.00),2,0
35.04311,(0.00, 0.00, 0.00),(-0.02, -0.02, 1.00),2,0
35.06711,(0.00, 0.00, 0.00),(-0.18, -0.06, 0.98),2,0
35.08908,(0.00, 0.00, 0.00),(-0.21, -0.05, 0.98),2,0
35.11101,(0.00, 0.00, 0.00),(-0.19, -0.05, 0.98),2,0
35.13377,(0.00, 0.00, 0.00),(-0.20, -0.05, 0.98),2,0
35.15681,(0.00, 0.00, 0.00),(-0.18, -0.05, 0.98),2,0
35.20118,(0.00, 0.00, 0.00),(-0.17, -0.05, 0.98),2,0
35.22247,(0.00, 0.00, 0.00),(-0.17, -0.03, 0.99),2,0
35.23598,(0.00, 0.00, 0.00),(-0.17, -0.03, 0.99),2,0
35.25897,(0.00, 0.00, 0.00),(-0.16, -0.01, 0.99),2,0
35.27864,(0.00, 0.00, 0.00),(-0.16, -0.01, 0.99),2,0
35.29981,(0.00, 0.00, 0.00),(-0.16, -0.01, 0.99),2,0
35.32333,(0.00, 0.00, 0.00),(-0.15, -0.02, 0.99),2,0
35.35947,(0.00, 0.00, 0.00),(-0.04, -0.10, 0.99),2,0
35.39416,(0.00, 0.00, 0.00),(0.01, -0.14, 0.99),2,0
35.42205,(0.00, 0.00, 0.00),(0.02, -0.13, 0.99),2,0
35.45522,(0.00, 0.00, 0.00),(0.03, -0.13, 0.99),2,0.2702353
35.49283,(0.00, 0.00, 0.00),(0.03, -0.13, 0.99),2,0.4104655
35.53043,(0.00, 0.00, 0.00),(0.03, -0.15, 0.99),2,0.5221612
35.5636,(0.00, 0.00, 0.00),(0.05, -0.15, 0.99),2,0
35.60145,(0.00, 0.00, 0.00),(0.13, -0.01, 0.99),2,0
35.63006,(0.00, 0.00, 0.00),(0.16, 0.03, 0.99),2,0
35.64943,(0.00, 0.00, 0.00),(0.17, 0.03, 0.99),2,0
35.67067,(0.00, 0.00, 0.00),(0.16, 0.03, 0.99),2,0
35.69541,(0.00, 0.00, 0.00),(0.16, 0.02, 0.99),2,0.4055674
35.72066,(0.00, 0.00, 0.00),(0.15, 0.02, 0.99),2,0.4634522
35.74222,(0.00, 0.00, 0.00),(0.15, 0.02, 0.99),2,0.3638972
35.76286,(0.00, 0.00, 0.00),(0.12, 0.02, 0.99),2,0.1105109
35.78482,(0.00, 0.00, 0.00),(0.11, 0.02, 0.99),2,0.08794102
35.80462,(0.00, 0.00, 0.00),(0.09, 0.01, 1.00),2,0
35.8236,(0.00, 0.00, 0.00),(0.08, 0.00, 1.00),2,0
35.84538,(0.00, 0.00, 0.00),(0.06, -0.01, 1.00),2,0.003407716
35.86972,(0.00, 0.00, 0.00),(0.08, -0.01, 1.00),2,0
35.89347,(0.00, 0.00, 0.00),(0.14, 0.00, 0.99),2,0
35.91625,(0.00, 0.00, 0.00),(0.20, 0.00, 0.98),2,0
35.93844,(0.00, 0.00, 0.00),(0.20, 0.00, 0.98),2,0
35.96226,(0.00, 0.00, 0.00),(0.19, 0.01, 0.98),2,0
35.98256,(0.00, 0.00, 0.00),(0.18, 0.02, 0.98),2,0
36.00549,(0.00, 0.00, 0.00),(0.15, 0.02, 0.99),2,0
36.02921,(0.00, 0.00, 0.00),(0.11, 0.02, 0.99),2,0
36.05129,(0.00, 0.00, 0.00),(0.07, 0.02, 1.00),2,0
36.07295,(0.00, 0.00, 0.00),(0.09, 0.02, 1.00),2,0
36.09504,(0.00, 0.00, 0.00),(0.11, 0.02, 0.99),2,0
36.1181,(0.00, 0.00, 0.00),(0.28, 0.03, 0.96),2,0
36.14185,(0.00, 0.00, 0.00),(0.38, 0.03, 0.92),2,0
36.16427,(0.00, 0.00, 0.00),(0.39, 0.03, 0.92),2,0
36.18853,(0.00, 0.00, 0.00),(0.36, 0.03, 0.93),2,0
36.21177,(0.00, 0.00, 0.00),(0.33, 0.04, 0.94),2,0
36.23046,(0.00, 0.00, 0.00),(0.29, 0.05, 0.96),2,0
36.25128,(0.00, 0.00, 0.00),(0.23, 0.05, 0.97),2,0
36.27656,(0.00, 0.00, 0.00),(0.20, 0.05, 0.98),2,0
36.29834,(0.00, 0.00, 0.00),(0.17, 0.05, 0.98),2,0
36.32026,(0.00, 0.00, 0.00),(0.13, 0.05, 0.99),2,0
36.34117,(0.00, 0.00, 0.00),(0.11, 0.05, 0.99),2,0
36.36426,(0.00, 0.00, 0.00),(0.07, 0.04, 1.00),2,0
36.38745,(0.00, 0.00, 0.00),(0.09, 0.04, 1.00),2,0
36.40868,(0.00, 0.00, 0.00),(0.11, 0.04, 0.99),2,0
36.42937,(0.00, 0.00, 0.00),(0.15, 0.04, 0.99),2,0
36.45243,(0.00, 0.00, 0.00),(0.36, 0.06, 0.93),2,0
36.47387,(0.00, 0.00, 0.00),(0.35, 0.06, 0.93),2,0
36.49842,(0.00, 0.00, 0.00),(0.34, 0.05, 0.94),2,0
36.5198,(0.00, 0.00, 0.00),(0.32, 0.04, 0.95),2,0
36.54306,(0.00, 0.00, 0.00),(0.28, 0.03, 0.96),2,0
36.57067,(0.00, 0.00, 0.00),(0.23, 0.02, 0.97),2,0
36.59158,(0.00, 0.00, 0.00),(0.21, 0.02, 0.98),2,0
36.62791,(0.00, 0.00, 0.00),(0.16, 0.02, 0.99),1.071815,0
36.65795,(0.00, 0.00, 0.00),(0.12, 0.02, 0.99),1.064698,0
36.70564,(0.00, 0.00, 0.00),(0.08, 0.02, 1.00),0.9649064,0
36.75147,(0.00, 0.00, 0.00),(0.04, 0.02, 1.00),0.8192037,0
36.79016,(0.00, 0.00, 0.00),(0.00, 0.02, 1.00),0.8684213,0
36.80935,(0.00, 0.00, 0.00),(-0.01, 0.02, 1.00),0.9027523,0
36.84175,(0.00, 0.00, 0.00),(-0.03, 0.00, 1.00),0.8691325,0
36.87673,(0.00, 0.00, 0.00),(-0.04, -0.01, 1.00),1.001921,0
36.90931,(0.00, 0.00, 0.00),(-0.04, -0.03, 1.00),2,0
36.94455,(0.00, 0.00, 0.00),(-0.04, -0.03, 1.00),2,0
36.98004,(0.00, 0.00, 0.00),(-0.04, 0.00, 1.00),2,0
37.0087,(0.00, 0.00, 0.00),(-0.04, 0.07, 1.00),2,0
37.05083,(0.00, 0.00, 0.00),(-0.03, 0.08, 1.00),2,0
37.08113,(0.00, 0.00, 0.00),(-0.03, 0.08, 1.00),2,0.636025
37.1181,(0.00, 0.00, 0.00),(-0.04, 0.08, 1.00),2,0.4812473
37.15041,(0.00, 0.00, 0.00),(-0.04, 0.06, 1.00),2,0.4499895
37.1738,(0.00, 0.00, 0.00),(-0.04, 0.05, 1.00),2,0.2251979
37.19603,(0.00, 0.00, 0.00),(-0.04, 0.03, 1.00),2,0
37.28549,(0.00, 0.00, 0.00),(-0.06, 0.04, 1.00),0.6907001,0
37.30797,(0.00, 0.00, 0.00),(-0.06, 0.05, 1.00),0.8527615,0
37.32759,(0.00, 0.00, 0.00),(-0.06, 0.08, 0.99),2,0
37.35439,(0.00, 0.00, 0.00),(-0.06, 0.10, 0.99),2,0
37.37632,(0.00, 0.00, 0.00),(-0.06, 0.10, 0.99),2,0
37.39942,(0.00, 0.00, 0.00),(-0.06, 0.10, 0.99),2,0
37.42083,(0.00, 0.00, 0.00),(-0.06, 0.10, 0.99),2,0
37.44424,(0.00, 0.00, 0.00),(-0.05, 0.11, 0.99),2,0.3651718
37.46701,(0.00, 0.00, 0.00),(-0.05, 0.11, 0.99),2,0.4583207
37.49041,(0.00, 0.00, 0.00),(-0.04, 0.12, 0.99),2,0.5584456
37.51157,(0.00, 0.00, 0.00),(-0.04, 0.12, 0.99),2,0.7249264
37.53062,(0.00, 0.00, 0.00),(-0.04, 0.12, 0.99),2,0.7408026
37.55278,(0.00, 0.00, 0.00),(-0.03, 0.13, 0.99),2,0.7572383
37.57566,(0.00, 0.00, 0.00),(-0.02, 0.13, 0.99),2,0.5229535
37.5986,(0.00, 0.00, 0.00),(-0.02, 0.12, 0.99),2,0
37.62116,(0.00, 0.00, 0.00),(-0.01, 0.05, 1.00),2,0
37.64303,(0.00, 0.00, 0.00),(-0.01, -0.12, 0.99),2,0
37.66476,(0.00, 0.00, 0.00),(0.00, -0.22, 0.98),2,0
37.68683,(0.00, 0.00, 0.00),(-0.01, -0.26, 0.97),2,0
37.71024,(0.00, 0.00, 0.00),(-0.01, -0.28, 0.96),2,0
37.73408,(0.00, 0.00, 0.00),(-0.01, -0.29, 0.96),2,0
37.75241,(0.00, 0.00, 0.00),(-0.01, -0.29, 0.96),1.038405,0.01673786
37.77742,(0.00, 0.00, 0.00),(-0.01, -0.29, 0.96),0.9729746,0.5658901
37.79993,(0.00, 0.00, 0.00),(0.00, -0.29, 0.96),0.9581864,0.6923699
37.82229,(0.00, 0.00, 0.00),(0.00, -0.28, 0.96),0.9890988,0.7931967
37.84524,(0.00, 0.00, 0.00),(0.01, -0.28, 0.96),1.041199,0.837456
37.86664,(0.00, 0.00, 0.00),(0.02, -0.28, 0.96),2,0.8663453
37.8892,(0.00, 0.00, 0.00),(0.02, -0.28, 0.96),2,0.8802333
37.91207,(0.00, 0.00, 0.00),(0.03, -0.28, 0.96),2,0.8828521
37.93266,(0.00, 0.00, 0.00),(0.03, -0.28, 0.96),2,0.8524002
37.95647,(0.00, 0.00, 0.00),(0.04, -0.28, 0.96),2,0.8392791
37.97921,(0.00, 0.00, 0.00),(0.04, -0.28, 0.96),2,0.8626924
38.00226,(0.00, 0.00, 0.00),(0.05, -0.28, 0.96),2,0.8319526
38.02331,(0.00, 0.00, 0.00),(0.05, -0.28, 0.96),2,0.7314549
38.11237,(0.00, 0.00, 0.00),(-0.10, -0.25, 0.96),2,0
38.13477,(0.00, 0.00, 0.00),(-0.15, -0.19, 0.97),2,0
38.15707,(0.00, 0.00, 0.00),(-0.17, -0.13, 0.98),2,0
38.17759,(0.00, 0.00, 0.00),(-0.19, -0.12, 0.98),2,0
38.20116,(0.00, 0.00, 0.00),(-0.20, -0.11, 0.97),2,0
38.22271,(0.00, 0.00, 0.00),(-0.19, -0.11, 0.98),2,0
38.245,(0.00, 0.00, 0.00),(-0.18, -0.10, 0.98),2,0.2646427
38.26825,(0.00, 0.00, 0.00),(-0.18, -0.10, 0.98),2,0.4351994
38.2893,(0.00, 0.00, 0.00),(-0.17, -0.10, 0.98),2,0.3794759
38.30923,(0.00, 0.00, 0.00),(-0.15, -0.09, 0.98),2,0.3062731
38.33353,(0.00, 0.00, 0.00),(-0.14, -0.09, 0.99),2,0.3773966
38.35698,(0.00, 0.00, 0.00),(-0.13, -0.08, 0.99),2,0.4094113
38.37871,(0.00, 0.00, 0.00),(-0.12, -0.09, 0.99),2,0.4796822
38.46583,(0.00, 0.00, 0.00),(-0.06, -0.05, 1.00),0.05843963,0
38.48813,(0.00, 0.00, 0.00),(-0.01, 0.01, 1.00),2,0
38.51143,(0.00, 0.00, 0.00),(-0.02, 0.01, 1.00),2,0
38.53381,(0.00, 0.00, 0.00),(-0.02, 0.02, 1.00),2,0
38.55582,(0.00, 0.00, 0.00),(-0.02, 0.02, 1.00),2,0
38.57779,(0.00, 0.00, 0.00),(-0.02, 0.02, 1.00),2,0
38.60143,(0.00, 0.00, 0.00),(-0.02, 0.02, 1.00),2,0.3101295
38.62313,(0.00, 0.00, 0.00),(-0.01, 0.01, 1.00),2,0.3684259
38.68557,(0.00, 0.00, 0.00),(-0.01, 0.01, 1.00),2,0.3522153
38.7107,(0.00, 0.00, 0.00),(0.01, 0.01, 1.00),2,0
38.73833,(0.00, 0.00, 0.00),(0.18, 0.03, 0.98),2,0
38.89283,(0.00, 0.00, 0.00),(0.20, 0.04, 0.98),2,0
